<?xml version="1.0" encoding="utf-8"?>
<!DOCTYPE hibernate-mapping PUBLIC "-//Hibernate/Hibernate Mapping DTD 3.0//EN"
"http://hibernate.sourceforge.net/hibernate-mapping-3.0.dtd">
<!-- 
    Mapping file autogenerated by MyEclipse Persistence Tools
-->
<hibernate-mapping>
    <class name="com.orderSystem.entity.Card" table="card" catalog="ordersystem">
        <id name="cardId" type="integer">
            <column name="card_id" />
            <generator class="native" />
        </id>
        <property name="balance" type="long">
            <column name="balance" precision="10" scale="0" />
        </property>
    </class>
</hibernate-mapping>
