<?xml version="1.0" encoding="utf-8"?>
<!DOCTYPE hibernate-mapping PUBLIC "-//Hibernate/Hibernate Mapping DTD 3.0//EN"
"http://hibernate.sourceforge.net/hibernate-mapping-3.0.dtd">
<!-- 
    Mapping file autogenerated by MyEclipse Persistence Tools
-->
<hibernate-mapping>
    <class name="com.orderSystem.entity.Shop" table="shop" catalog="ordersystem">
        <id name="shopId" type="integer">
            <column name="shop_id" />
            <generator class="native" />
        </id>
        <property name="shopName" type="string">
            <column name="shop_name" length="20" not-null="true" />
        </property>
        <property name="shopImage" type="string">
            <column name="shop_image" length="20" />
        </property>
        <property name="shopCode" type="string">
            <column name="shop_code" length="15" not-null="true" />
        </property>
        <property name="shopPwd" type="string">
            <column name="shop_pwd" length="20" not-null="true" />
        </property>
        <property name="shopPhone" type="string">
            <column name="shop_phone" length="13" />
        </property>
        <property name="shopAddr" type="string">
            <column name="shop_addr" length="30" />
        </property>
        <property name="serviceTime" type="string">
            <column name="service_time" length="20" />
        </property>
        <property name="shopDesc" type="string">
            <column name="shop_desc" length="30" />
        </property>
        <property name="account" type="long">
            <column name="account" precision="10" scale="0" />
        </property>
        <property name="typeId" type="integer">
            <column name="type_id" not-null="true" />
        </property>
    </class>
</hibernate-mapping>
