<?xml version="1.0" encoding="utf-8"?>
<!DOCTYPE hibernate-mapping PUBLIC "-//Hibernate/Hibernate Mapping DTD 3.0//EN"
"http://hibernate.sourceforge.net/hibernate-mapping-3.0.dtd">
<!-- 
    Mapping file autogenerated by MyEclipse Persistence Tools
-->
<hibernate-mapping>
    <class name="com.orderSystem.entity.User" table="user" catalog="ordersystem">
        <id name="userId" type="java.lang.Integer">
            <column name="user_id" />
            <generator class="native" />
        </id>
        <property name="userName" type="java.lang.String">
            <column name="user_name" length="20" />
        </property>
        <property name="sex" type="java.lang.Boolean">
            <column name="sex" />
        </property>
        <property name="userPhone" type="java.lang.String">
            <column name="user_phone" length="11" />
        </property>
        <property name="cardId" type="java.lang.Integer">
            <column name="card_id" />
        </property>
        <property name="role" type="java.lang.String">
            <column name="role" />
        </property>
        <property name="pwd" type="java.lang.String">
            <column name="pwd" length="16" />
        </property>
    </class>
</hibernate-mapping>
