<?xml version="1.0" encoding="utf-8"?>
<!DOCTYPE hibernate-mapping PUBLIC "-//Hibernate/Hibernate Mapping DTD 3.0//EN"
"http://hibernate.sourceforge.net/hibernate-mapping-3.0.dtd">
<!-- 
    Mapping file autogenerated by MyEclipse Persistence Tools
-->
<hibernate-mapping>
    <class name="com.orderSystem.entity.Address" table="address" catalog="ordersystem">
        <id name="addrId" type="java.lang.Integer">
            <column name="addr_id" />
            <generator class="native" />
        </id>
        <property name="userId" type="java.lang.Integer">
            <column name="user_id" />
        </property>
        <property name="description" type="java.lang.String">
            <column name="description" length="30" />
        </property>
    </class>
</hibernate-mapping>
