<?xml version="1.0" encoding="utf-8"?>
<!DOCTYPE hibernate-mapping PUBLIC "-//Hibernate/Hibernate Mapping DTD 3.0//EN"
"http://hibernate.sourceforge.net/hibernate-mapping-3.0.dtd">
<!-- 
    Mapping file autogenerated by MyEclipse Persistence Tools
-->
<hibernate-mapping>
    <class name="com.orderSystem.entity.Cart" table="cart" catalog="ordersystem">
        <id name="cartId" type="java.lang.Integer">
            <column name="cart_id" />
            <generator class="native" />
        </id>
        <property name="orderId" type="java.lang.Integer">
            <column name="order_id" />
        </property>
        <property name="shopId" type="java.lang.Integer">
            <column name="shop_id" />
        </property>
        <property name="dishId" type="java.lang.Integer">
            <column name="dish_id" />
        </property>
        <property name="dishNumber" type="java.lang.Integer">
            <column name="dish_number" />
        </property>
        <property name="cartPrice" type="java.lang.Long">
            <column name="cart_price" precision="10" scale="0" />
        </property>
        <property name="status" type="java.lang.String">
            <column name="status" length="10" />
        </property>
    </class>
</hibernate-mapping>
