<?xml version="1.0" encoding="utf-8"?>
<!DOCTYPE hibernate-mapping PUBLIC "-//Hibernate/Hibernate Mapping DTD 3.0//EN"
"http://hibernate.sourceforge.net/hibernate-mapping-3.0.dtd">
<!-- 
    Mapping file autogenerated by MyEclipse Persistence Tools
-->
<hibernate-mapping>
    <class name="com.orderSystem.entity.Complaint" table="complaint" catalog="ordersystem">
        <id name="complaintId" type="java.lang.Integer">
            <column name="complaint_id" />
            <generator class="native" />
        </id>
        <property name="userId" type="java.lang.Integer">
            <column name="user_id" />
        </property>
        <property name="shopId" type="java.lang.Integer">
            <column name="shop_id" />
        </property>
        <property name="descript" type="java.lang.String">
            <column name="descript" length="100" />
        </property>
    </class>
</hibernate-mapping>
