<?xml version="1.0" encoding="utf-8"?>
<!DOCTYPE hibernate-mapping PUBLIC "-//Hibernate/Hibernate Mapping DTD 3.0//EN"
"http://hibernate.sourceforge.net/hibernate-mapping-3.0.dtd">
<!-- 
    Mapping file autogenerated by MyEclipse Persistence Tools
-->
<hibernate-mapping>
    <class name="com.orderSystem.entity.Dish" table="dish" catalog="ordersystem">
        <id name="dishId" type="java.lang.Integer">
            <column name="dish_id" />
            <generator class="native" />
        </id>
        <property name="dishName" type="java.lang.String">
            <column name="dish_name" length="10" />
        </property>
        <property name="dishPrice" type="java.lang.Long">
            <column name="dish_price" precision="10" scale="0" />
        </property>
        <property name="shopId" type="java.lang.Integer">
            <column name="shop_id" />
        </property>
        <property name="imageUrl" type="java.lang.String">
            <column name="image_url" length="50" />
        </property>
        <property name="addTime" type="java.sql.Timestamp">
            <column name="add_time" length="19" />
        </property>
    </class>
</hibernate-mapping>
