<?xml version="1.0" encoding="utf-8"?>
<!DOCTYPE hibernate-mapping PUBLIC "-//Hibernate/Hibernate Mapping DTD 3.0//EN"
"http://hibernate.sourceforge.net/hibernate-mapping-3.0.dtd">
<!-- 
    Mapping file autogenerated by MyEclipse Persistence Tools
-->
<hibernate-mapping>
    <class name="com.orderSystem.entity.DishType" table="dish_type" catalog="ordersystem">
        <id name="typeId" type="java.lang.Integer">
            <column name="type_id" />
            <generator class="native" />
        </id>
        <property name="typeName" type="java.lang.String">
            <column name="type_name" length="10" />
        </property>
    </class>
</hibernate-mapping>
