<?xml version="1.0" encoding="utf-8"?>
<!DOCTYPE hibernate-mapping PUBLIC "-//Hibernate/Hibernate Mapping DTD 3.0//EN"
"http://hibernate.sourceforge.net/hibernate-mapping-3.0.dtd">
<!-- 
    Mapping file autogenerated by MyEclipse Persistence Tools
-->
<hibernate-mapping>
    <class name="com.orderSystem.entity.ShopOrder" table="shop_order" catalog="ordersystem">
        <id name="orderId" type="java.lang.Integer">
            <column name="order_id" />
            <generator class="native" />
        </id>
        <property name="userId" type="java.lang.Integer">
            <column name="user_id" />
        </property>
        <property name="orderTime" type="java.sql.Timestamp">
            <column name="order_time" length="19" />
        </property>
        <property name="total" type="java.lang.Long">
            <column name="total" precision="10" scale="0" />
        </property>
        <property name="addrId" type="java.lang.Integer">
            <column name="addr_id" />
        </property>
    </class>
</hibernate-mapping>
