<?xml version="1.0" encoding="utf-8"?>
<!DOCTYPE hibernate-mapping PUBLIC "-//Hibernate/Hibernate Mapping DTD 3.0//EN"
"http://hibernate.sourceforge.net/hibernate-mapping-3.0.dtd">
<!-- 
    Mapping file autogenerated by MyEclipse Persistence Tools
-->
<hibernate-mapping>
    <class name="com.orderSystem.entity.Shop" table="shop" catalog="ordersystem">
        <id name="shopId" type="java.lang.Integer">
            <column name="shop_id" />
            <generator class="native" />
        </id>
        <property name="shopName" type="java.lang.String">
            <column name="shop_name" length="20" not-null="true" />
        </property>
        <property name="shopPhone" type="java.lang.String">
            <column name="shop_phone" length="13" />
        </property>
        <property name="shopAddr" type="java.lang.String">
            <column name="shop_addr" length="30" />
        </property>
        <property name="amOpenTime" type="java.lang.String">
            <column name="am_open_time" length="8" />
        </property>
        <property name="amCloseTime" type="java.lang.String">
            <column name="am_close_time" length="8" />
        </property>
        <property name="pmOpenTime" type="java.lang.String">
            <column name="pm_open_time" length="8" />
        </property>
        <property name="pmCloseTime" type="java.lang.String">
            <column name="pm_close_time" length="8" />
        </property>
        <property name="shopDesc" type="java.lang.String">
            <column name="shop_desc" length="128" />
        </property>
        <property name="account" type="java.lang.Long">
            <column name="account" precision="10" scale="0" />
        </property>
        <property name="shopPwd" type="java.lang.String">
            <column name="shop_pwd" length="20" not-null="true" />
        </property>
        <property name="typeId" type="java.lang.Integer">
            <column name="type_id" not-null="true" />
        </property>
        <property name="shopImage" type="java.lang.String">
            <column name="shop_image" length="40" />
        </property>
        <property name="shopCode" type="java.lang.String">
            <column name="shop_code" length="15" not-null="true" />
        </property>
    </class>
</hibernate-mapping>
