<?xml version="1.0" encoding="UTF-8"?>
<beans xmlns="http://www.springframework.org/schema/beans"
	xmlns:xsi="http://www.w3.org/2001/XMLSchema-instance" xmlns:p="http://www.springframework.org/schema/p"
	xsi:schemaLocation="http://www.springframework.org/schema/beans http://www.springframework.org/schema/beans/spring-beans-3.0.xsd">


    <import resource="applicationContext-shopAndLogin.xml"/>
    <import resource="applicationContext-users.xml"/>
    <import resource="applicationContext-admin.xml"/>
	<bean id="showShopService" class="com.orderSystem.shops.serviceImpl.showShopServiceImpl"></bean>
	<bean id="showClosedShopService" class="com.orderSystem.shops.serviceImpl.showClosedShopServiceImpl"></bean>
	<bean id="showShopAction" class="com.orderSystem.shops.action.showShopAction" scope="prototype">
		<property name="sss">
			<ref bean="showShopService" />
		</property>
		<property name="scss">
		    <ref bean="showClosedShopService"/>
		</property>
	</bean>
	
	<bean id="showDishesService" class="com.orderSystem.shops.serviceImpl.showDishesServiceImpl"></bean>
	<bean id="showDishAction" class="com.orderSystem.shops.action.showDishAction" scope="prototype">
	    <property name="showdish">
	        <ref bean="showDishesService"/>
	    </property>
	</bean>
	
	<bean id="getPayService" class="com.orderSystem.order.serviceImpl.getPayServiceImpl"></bean>
	<bean id="showOrderService" class="com.orderSystem.order.serviceImpl.showOrderServiceImpl"></bean>
	<bean id="getDishService" class="com.orderSystem.order.serviceImpl.getDishServiceImpl"></bean>
	<bean id="orderAction" class="com.orderSystem.order.action.orderAction" scope="prototype">
	    <property name="showos">
	        <ref bean="showOrderService"/>
	    </property>
	    <property name="getds">
	        <ref bean="getDishService"/>
	    </property>
	    <property name="getps">
	        <ref bean="getPayService"/>
	    </property>
	</bean>
	
	<bean id="showNewDishService" class="com.orderSystem.shops.serviceImpl.showNewDishServiceImpl"></bean>
	<bean id="showNewDishAction" class="com.orderSystem.shops.action.showNewDishAction" scope="prototype">
	    <property name="shownds">
	        <ref bean="showNewDishService"/>
	    </property>
	</bean>
	
	<bean id="searchDishService" class="com.orderSystem.shops.serviceImpl.searchDishServiceImpl"></bean>
	<bean id="searchDishAction" class="com.orderSystem.shops.action.searchDishAction" scope="prototype">
	    <property name="searchds">
	        <ref bean="searchDishService"/>
	    </property>
	</bean>
</beans>