<?xml version="1.0" encoding="UTF-8"?>
<beans
	xmlns="http://www.springframework.org/schema/beans"
	xmlns:xsi="http://www.w3.org/2001/XMLSchema-instance"
	xmlns:p="http://www.springframework.org/schema/p"
	xsi:schemaLocation="http://www.springframework.org/schema/beans http://www.springframework.org/schema/beans/spring-beans-3.0.xsd">


 <!--  <bean id="sessionFactory"
		class="org.springframework.orm.hibernate3.LocalSessionFactoryBean">
		<property name="configLocation"
			value="classpath:hibernate.cfg.xml">
		</property>  
	</bean> -->
	<!-- 商家表 -->
	<bean id="ShopServiceImp2" class="com.orderSystem.shops.ShopServiceImpl"></bean>
	<bean id="shopAction" class="com.orderSystem.shops.shopAction" scope="prototype">
    
        <property name="shopService">
            <ref bean="ShopServiceImp2"/>
        </property>      
 	</bean>
 	
 	<!-- 菜品表 -->
 	<bean id="DishServiceImp" class="com.orderSystem.shops.DishServiceImpl"></bean>
	<bean id="dishAction" class="com.orderSystem.shops.dishAction" scope="prototype">
	<property name="dishService">
            <ref bean="DishServiceImp"/>
        </property>
	</bean>

	
	<!-- 登陆 -->
	<bean id="checkService" class="com.orderSystem.login.checkServiceImpl"></bean>
	<bean id="loginAction" class="com.orderSystem.login.loginAction"
		scope="prototype">
		
		<property name="cs">
			<ref bean="checkService" />
		</property>
	</bean>
	<bean id="shoploginAction" class="com.orderSystem.login.shoploginAction"
		scope="prototype">
		
		<property name="cs">
			<ref bean="checkService" />
		</property>
		<property name="shopService">
			<ref bean="ShopServiceImp2" />
		</property>
	</bean>

	<bean id="registerAction" class="com.orderSystem.login.registerAction" 
		scope="prototype">
		<property name="checkSer">
			<ref bean="checkService" />
		</property>
		<property name="shopService">
			<ref bean="ShopServiceImp" />
		</property>
	</bean>
	
	<bean id="cardService" class="com.orderSystem.card.cardServiceImpl" ></bean> 
	<bean id="cardMangeAction" class="com.orderSystem.card.cardManageAction" 
		scope="prototype">
		<property name="cardSer">
			<ref bean="cardService" />
		</property>
	</bean>
	
	<bean id="userService" class="com.orderSystem.users.userServiceImpl" ></bean> 
	<bean id="userManageAction" class="com.orderSystem.users.userManageAction" 
		scope="prototype">
		<property name="userSer">
			<ref bean="userService" />
		</property>
	</bean>
	
	<!-- <bean id="orderService" class="com.orderSystem.order.orderServiceImpl" ></bean> 
	<bean id="orderManageAction" class="com.orderSystem.order.orderManageAction" 
		scope="prototype">
		<property name="orderSer">
			<ref bean="orderService" />
		</property>
		<property name="userSer">
			<ref bean="userService" />
		</property>
	</bean> -->
	
	<!-- <bean id="complaintService" class="com.orderSystem.complaint.complaintServiceImpl" ></bean> 
	<bean id="complaintManageAction" class="com.orderSystem.complaint.complaintManageAction" 
		scope="prototype">
		<property name="compSer">
			<ref bean="complaintService" />
		</property>
		
	</bean> -->
	<!-- 登陆结束 -->
</beans>
	  