<?xml version="1.0" encoding="UTF-8"?>
<beans xmlns="http://www.springframework.org/schema/beans"
	xmlns:xsi="http://www.w3.org/2001/XMLSchema-instance" xmlns:p="http://www.springframework.org/schema/p"
	xsi:schemaLocation="http://www.springframework.org/schema/beans http://www.springframework.org/schema/beans/spring-beans-3.0.xsd">

	<!-- <bean id="sessionFactory" class="org.springframework.orm.hibernate3.LocalSessionFactoryBean"> 
		<property name="configLocation" value="classpath:hibernate.cfg.xml"> </property> 
		</bean> -->

	<!-- 用户表user，引用地址表address -->
	<bean id="UserServiceImp" class="com.orderSystem.users.serviceImpl.UserServiceImpl"></bean>
	<bean id="UserAction" class="com.orderSystem.users.action.UserAction"
		scope="prototype">
		<property name="userService">
			<ref bean="UserServiceImp" />
		</property>
		<!-- <property name="addressService"> -->
		<!-- <ref bean="AddressServiceImp" /> -->
		<!-- </property> -->
	</bean>

	<!-- 地址表address，引用用户表user -->
	<bean id="AddressServiceImp" class="com.orderSystem.users.serviceImpl.AddressServiceImpl"></bean>
	<bean id="AddressAction" class="com.orderSystem.users.action.AddressAction"
		scope="prototype">
		<property name="addrService">
			<ref bean="AddressServiceImp" />
		</property>
		<property name="userService">
			<ref bean="UserServiceImp" />
		</property>
	</bean>

	<!-- 收藏表favorite，引用用户表user和商家表shop -->
	<bean id="FavoriteServiceImp" class="com.orderSystem.users.serviceImpl.FavoriteServiceImpl"></bean>
	<bean id="FavoriteAction" class="com.orderSystem.users.action.FavoriteAction"
		scope="prototype">
		<property name="favService">
			<ref bean="FavoriteServiceImp" />
		</property>
		<property name="userService">
			<ref bean="UserServiceImp" />
		</property>
		<property name="shopService">
			<ref bean="ShopServiceImp" />
		</property>
	</bean>

	<!-- 商家表shop -->
	<bean id="ShopServiceImp" class="com.orderSystem.shops.serviceImpl.ShopServiceImpl"></bean>

	<!-- 储值卡表card，引用用户表user -->
	<bean id="CardServiceImp" class="com.orderSystem.users.serviceImpl.CardServiceImpl"></bean>
	<bean id="CardAction" class="com.orderSystem.users.action.CardAction"
		scope="prototype">
		<property name="userService">
			<ref bean="UserServiceImp" />
		</property>
		<property name="cardService">
			<ref bean="CardServiceImp" />
		</property>
	</bean>

	<!-- 订单表shop_order,引用购物车cart表、用户表user和菜品表dish -->
	<bean id="CheckOrderServiceImp" class="com.orderSystem.order.serviceImpl.checkOrderServiceImpl"></bean>
	<bean id="OrderAction" class="com.orderSystem.users.action.OrderAction"
		scope="prototype">

		<property name="checkOrderService">
			<ref bean="CheckOrderServiceImp" />
		</property>

		<property name="cartService">
			<ref bean="CartServiceImp" />
		</property>

		<property name="userService">
			<ref bean="UserServiceImp" />
		</property>

		<property name="dishService">
			<ref bean="DishServiceImp" />
		</property>
		<property name="shopService">
			<ref bean="ShopServiceImp" />
		</property>

	</bean>

	<!-- 购物车表cart -->
	<bean id="CartServiceImp" class="com.orderSystem.order.serviceImpl.cartServiceImpl"></bean>

	<!-- 菜品表dish -->
	<bean id="DishServiceImp" class="com.orderSystem.shops.serviceImpl.DishServiceImpl"></bean>

	<!-- 投诉表complaint，引用用户表user和商家表shop -->
	<bean id="ComplaintServiceImp" class="com.orderSystem.users.serviceImpl.ComplaintServiceImpl"></bean>
	<bean id="ComplaintAction" class="com.orderSystem.users.action.ComplaintAction"
		scope="prototype">
		<property name="complaintService">
			<ref bean="ComplaintServiceImp" />
		</property>
		<property name="userService">
			<ref bean="UserServiceImp" />
		</property>
		<property name="shopService">
			<ref bean="ShopServiceImp" />
		</property>
	</bean>

</beans>