<?xml version="1.0" encoding="UTF-8"?>
<beans
	xmlns="http://www.springframework.org/schema/beans"
	xmlns:xsi="http://www.w3.org/2001/XMLSchema-instance"
	xmlns:p="http://www.springframework.org/schema/p"
	xsi:schemaLocation="http://www.springframework.org/schema/beans http://www.springframework.org/schema/beans/spring-beans-3.0.xsd">


	<bean id="sessionFactory"
		class="org.springframework.orm.hibernate3.LocalSessionFactoryBean">
		<property name="configLocation"
			value="classpath:hibernate.cfg.xml">
		</property>
	</bean>
	<bean id="shopDao" class="com.orderSystem.dao.ShopDAO">
	</bean>	
	<bean id="userDao" class="com.orderSystem.dao.UserDAO">
	</bean>
	<bean id="complaintDao" class="com.orderSystem.dao.ComplaintDAO">
	</bean>
	<bean id="dishtypeDao" class="com.orderSystem.dao.DishTypeDAO">
	</bean>
	
	
	<bean id="shopService" class="com.orderSystem.administrator.shopServiceImpl">
	<property name="shopDao" ref="shopDao"></property>
	<property name="dishtypeService" ref="dishtypeService"></property>
	</bean>
	<bean id="userService" class="com.orderSystem.administrator.userServiceImpl">
	<property name="userDao" ref="userDao"></property>
	</bean>
	<bean id="complaintService" class="com.orderSystem.administrator.complaintServiceImpl">
	<property name="complaintDao" ref="complaintDao"></property>
	</bean>
	<bean id="dishtypeService" class="com.orderSystem.administrator.dishtypeServiceImpl">
	<property name="dishtypeDao" ref="dishtypeDao"></property>
	</bean>
	
	
	<bean id="shopAction" class="com.orderSystem.administrator.shopAction">
	<property name="shopService" ref="shopService"></property>
	<property name="complaintService" ref="complaintService"></property>
	<property name="dishtypeService" ref="dishtypeService"></property>
	</bean>
	<bean id="userAction" class="com.orderSystem.administrator.userAction">
	<property name="userService" ref="userService"></property>
	</bean>
	<bean id="complaintAction" class="com.orderSystem.administrator.complaintAction">
	<property name="complaintService" ref="complaintService"></property>
	<property name="userService" ref="userService"></property>
	<property name="shopService" ref="shopService"></property>
	</bean>
</beans>