<?xml version="1.0" encoding="UTF-8" ?>
<!DOCTYPE struts PUBLIC "-//Apache Software Foundation//DTD Struts Configuration 2.1//EN" "http://struts.apache.org/dtds/struts-2.1.dtd">
<struts>


	<!-- 调用spring框架 -->
	<constant name="struts.objectFactory" value="spring" /> 

	<!-- 配置包，包名为default，该包继承了Struts2框架的默认包 struts-default -->
	<package name="action" namespace="/" extends="struts-default">

		<!-- 定义名为hello的Action，该Action的处理类为 com.action.TestAction,并映射到success.jsp页面 -->
	<!-- 	<action name="login" class="com.orderSystem.login.loginAction">
			<result>/success.jsp</result>
		</action> -->
		
			<action name="loginAction" class="loginAction" method="login">
        <result name="error">/login/error.jsp</result>
        <result name="login">/login/success.jsp</result>
    	</action>
    	
    	<action name="shoploginAction" class="shoploginAction" method="login">
        <result name="error">/login/error.jsp</result>
        <result name="login">/card/card.jsp</result>
   		</action>
    
  		<action name="registerAction" class="registerAction" method="register">
        <result name="register">/login/registerSuccess.jsp</result>
       <result name="error">/login/error.jsp</result>
        </action>
        
        <!-- <action name="cardManageAction" class="cardMangeAction" method="findAll">
        <result name="allcards">/card/card.jsp</result>
       <result name="error">/login/error.jsp</result>
        </action> -->
        
          <action name="cardManageAction*" class="cardMangeAction" method="{1}">
        	<result name="allcards">/card/card.jsp</result>
       		<result name="error">/login/error.jsp</result>
       		<result name="try">/card/try.jsp</result>
       		<result name="updateCards">/card/updateCard.jsp</result>
       	 </action> 
		
	</package>

</struts>    
