<?xml version="1.0" encoding="UTF-8"?>
<beans xmlns="http://www.springframework.org/schema/beans"
	xmlns:xsi="http://www.w3.org/2001/XMLSchema-instance" 
	   xmlns:p="http://www.springframework.org/schema/p"
	xsi:schemaLocation="http://www.springframework.org/schema/beans http://www.springframework.org/schema/beans/spring-beans-3.0.xsd">

	
	<bean id="checkService" class="com.orderSystem.login.checkServiceImpl"></bean>
	<bean id="loginAction" class="com.orderSystem.login.loginAction"
		scope="prototype">
		
		<property name="cs">
			<ref bean="checkService" />
		</property>
	</bean>
	<bean id="shoploginAction" class="com.orderSystem.login.shoploginAction"
		scope="prototype">
		
		<property name="cs">
			<ref bean="checkService" />
		</property>
	</bean>

	<bean id="registerAction" class="com.orderSystem.login.registerAction" 
		scope="prototype">
		<property name="checkSer">
			<ref bean="checkService" />
		</property>
	</bean>
	
	<bean id="cardService" class="com.orderSystem.card.cardServiceImpl" ></bean> 
	<bean id="cardMangeAction" class="com.orderSystem.card.cardManageAction" 
		scope="prototype">
		<property name="cardSer">
			<ref bean="cardService" />
		</property>
	</bean>
	
</beans>