<?xml version='1.0' encoding='UTF-8'?>
<!DOCTYPE hibernate-configuration PUBLIC
          "-//Hibernate/Hibernate Configuration DTD 3.0//EN"
          "http://hibernate.sourceforge.net/hibernate-configuration-3.0.dtd">
<!-- Generated by MyEclipse Hibernate Tools.                   -->
<hibernate-configuration>

	<session-factory>
		<property name="dialect">
			org.hibernate.dialect.MySQLDialect
		</property>
		<property name="connection.url">
			jdbc:mysql://localhost:3306/OrderSystem?useUnicode=true&amp;characterEncoding=utf-8
		</property>
		<property name="connection.username">root</property>
		<property name="connection.password">root</property>
		<property name="connection.driver_class">
			com.mysql.jdbc.Driver
		</property>
		<property name="myeclipse.connection.profile">
			orderSystem
		</property>
		<mapping resource="com/orderSystem/entity/Address.hbm.xml" />
		<mapping resource="com/orderSystem/entity/Card.hbm.xml" />
		<mapping resource="com/orderSystem/entity/Cart.hbm.xml" />
		<mapping resource="com/orderSystem/entity/Complaint.hbm.xml" />
		<mapping resource="com/orderSystem/entity/DishType.hbm.xml" />
		<mapping resource="com/orderSystem/entity/Dish.hbm.xml" />
		<mapping resource="com/orderSystem/entity/Favorite.hbm.xml" />
		<mapping resource="com/orderSystem/entity/Shop.hbm.xml" />
		<mapping resource="com/orderSystem/entity/User.hbm.xml" />
		<mapping resource="com/orderSystem/entity/ShopOrder.hbm.xml" />

	</session-factory>

</hibernate-configuration>