<?xml version="1.0" encoding="UTF-8" ?>
<!DOCTYPE struts PUBLIC "-//Apache Software Foundation//DTD Struts Configuration 2.1//EN" "http://struts.apache.org/dtds/struts-2.1.dtd">
<struts>
    <constant name="struts.objectFactory" value="spring" />
    <include file="struts-shopAndLogin.xml"></include> 
    <include file="struts-users.xml"></include> 
    <include file="struts-administrator.xml"></include> 
    
	<package name="orderAction" namespace="/" extends="struts-default">
		<action name="showShopAction_*" class="showShopAction" method="{1}">
			<result name="shopHomepage">/shopHomepage.jsp</result>
		</action>
		
		<action name="showDishAction_*" class="showDishAction" method="{1}">
		     <result name="dishHomepage">/dishHomepage.jsp</result>
		</action>
		
		<action name="orderAction_*" class="orderAction" method="{1}">
		     <result name="orderPage">/orderPage.jsp</result>
		     <result name="paySuccess">/paySuccess.jsp</result>
		     <result name="show">/user/main.jsp</result>
		</action>
		
		<action name="showNewDishAction_*" class="showNewDishAction" method="{1}">
		     <result name="newDishpage">/dishHomepage.jsp</result>
		</action>
		
		<action name="searchDishAction_*" class="searchDishAction" method="{1}">
		     <result name="searchResult">/dishHomepage.jsp</result>
		</action>
	</package>
</struts>    
