<?xml version="1.0" encoding="UTF-8" ?>
<!DOCTYPE struts PUBLIC "-//Apache Software Foundation//DTD Struts Configuration 2.1//EN" "http://struts.apache.org/dtds/struts-2.1.dtd">
<struts>
 <constant name="struts.i18n.encoding" value="UTF-8"/>
 <constant name="struts.objectFactory" value="spring"/>
    <package name="action" namespace="/" extends="struts-default"> 
	     <action name="dishAction_*" class="dishAction" method="{1}">
	     	<interceptor-ref name="fileUpload">
	     		<param name="allowedTypes">
	     			image/bmp,image/png,image/gif,image/jpeg,image/jpg
	     		</param>
	     		<param name="maximumSize">102400</param>
	     	</interceptor-ref>
	     	<interceptor-ref name="defaultStack"/>
	        <result name="alldish">/shop/alldish.jsp</result>
	        <result name="delete">/shop/alldish.jsp</result>
	        <result name="add">/shop/adddish.jsp</result>
	        <result name="isAddDishSuccess">/shop/change_dish_result.jsp</result>
	        <result name="success2">/shop/updatedish.jsp</result>
	        <result name="updatesuccess">/shop/alldish.jsp</result>
	        <result name="selectdishbylikename">/shop/alldish.jsp</result>
	    </action>
	    <action name="shopAction_*" class="shopAction" method="{1}">
	   		 <interceptor-ref name="fileUpload">
	     		<param name="allowedTypes">
	     			image/bmp,image/png,image/gif,image/jpeg,image/jpg
	     		</param>
	     		<param name="maximumSize">102400</param>
	     	</interceptor-ref>
	     	<interceptor-ref name="defaultStack" />
	    	<result name="shopbyid">/shop/shop.jsp</result>
	    	<result name="editshop">/shop/editshop.jsp</result>
	    	<result name="updateShopSuccess">/shop/shop.jsp</result>
	    		<result name="getShopAllComplaint">/shop/shopAllComplaint.jsp</result>
	    	<result name="getAllCart">/shop/shopAllCart.jsp</result>
	    	<result name="changeCartStatus">/shop/shopAllCart.jsp</result>
	    	<result name="getCartByLikeUserName">/shop/shopAllCart.jsp</result>
	    <result name="getComplaintByLikeUserName">/shop/shopAllComplaint.jsp</result>
	    </action>
	    <!-- 登陆 -->
	    <action name="loginAction" class="loginAction" method="login">
        <result name="error">/login/userLogin.jsp</result>
        <result name="login">/homepage.jsp</result>
    	</action>
    	
    	<action name="shoploginAction" class="shoploginAction" method="login">
        <result name="error">/login/shopLogin.jsp</result>
        <result name="login">/shop/shop.jsp</result>
   		</action>
    
  		<action name="registerAction" class="registerAction" method="register">
        <result name="register">/shop/shop.jsp</result>
       <result name="error">/login/error.jsp</result>
        </action>
          <action name="cardManageAction*" class="cardMangeAction" method="{1}">
        	<result name="allcards">/card/card.jsp</result>
       		<result name="error">/login/error.jsp</result>
       		<result name="try">/card/try.jsp</result>
       		<result name="updateCards">/card/updateCard.jsp</result>
       	 </action> 
       	 
       	  <action name="userManageAction*" class="userManageAction" method="{1}">
        	<result name="userCenter">/user/userCenter.jsp</result>
       		<result name="error">/login/error.jsp</result>
       		<result name="complaintShop">/user/complaintShop.jsp</result>
       		<result name="updateCards">/card/updateCard.jsp</result>
       	 </action> 
       
		 <action name="orderManageAction*" class="orderManageAction" method="{1}">
        	<result name="allorders">/user/orderList.jsp</result>
       		<result name="error">/login/error.jsp</result>
       		<result name="try">/card/try.jsp</result>
       		<result name="updateCards">/card/updateCard.jsp</result>
       	 </action> 
       	 
       	 <action name="complaintManageAction*" class="complaintManageAction" method="{1}">
    
       		<result name="userCenter">/user/userCenter.jsp</result>
       	 </action> 
    </package>
    <constant name="struts.multipart.saveDir" value=""></constant>
</struts>    
