<?xml version="1.0" encoding="UTF-8" ?>
<!DOCTYPE struts PUBLIC "-//Apache Software Foundation//DTD Struts Configuration 2.1//EN" "http://struts.apache.org/dtds/struts-2.1.dtd">
<struts>
	<package name="default" namespace="/" extends="struts-default">
		<action name="shopAll" class="com.orderSystem.administrator.shopAction" method="showAll">
			<result name="success">/administrator/shop.jsp</result>
		</action>
		<action name="shopdelete" class="com.orderSystem.administrator.shopAction" method="deleteOne">
			<result name="success">/administrator/shop.jsp</result>
		</action>
		<action name="shopFind" class="com.orderSystem.administrator.shopAction" method="searchShop">
			<result name="success">/administrator/shop.jsp</result>
		</action>
		<action name="shopchange" class="com.orderSystem.administrator.shopAction" method="shopChange">
			<result name="success">/administrator/shopChange.jsp</result>
		</action>
		<action name="shopchange_Sure" class="com.orderSystem.administrator.shopAction" method="shopChangeSure">
			<result name="success">/administrator/shop.jsp</result>
		</action>
		<action name="shopOrder" class="com.orderSystem.administrator.shopAction" method="shopReOrder">
			<result name="success">/administrator/shop.jsp</result>
		</action>
		
		<action name="userAll" class="com.orderSystem.administrator.userAction" method="showAll">
			<result name="success">/administrator/user.jsp</result>
		</action>
		<action name="userdelete" class="com.orderSystem.administrator.userAction" method="deleteOne">
			<result name="success">/administrator/user.jsp</result>
		</action>
		<action name="userFind" class="com.orderSystem.administrator.userAction" method="searchUser">
			<result name="success">/administrator/user.jsp</result>
		</action>
		<action name="userchange" class="com.orderSystem.administrator.userAction" method="userChange">
			<result name="success">/administrator/userChange.jsp</result>
		</action>
		<action name="userchange_Sure" class="com.orderSystem.administrator.userAction" method="userChangeSure">
			<result name="success">/administrator/user.jsp</result>
		</action>
		
		
		<action name="complaintAll" class="com.orderSystem.administrator.complaintAction" method="showAll">
			<result name="success">/administrator/complaint.jsp</result>
		</action>
		<action name="complaintdelete" class="com.orderSystem.administrator.complaintAction" method="deleteOne">
			<result name="success">/administrator/complaint.jsp</result>
		</action>
		<action name="complaintFind" class="com.orderSystem.administrator.complaintAction" method="searchComplaint">
			<result name="success">/administrator/complaint.jsp</result>
		</action>
	</package>
</struts>    
