<?xml version="1.0" encoding="UTF-8" ?>
<!DOCTYPE struts PUBLIC "-//Apache Software Foundation//DTD Struts Configuration 2.1//EN" "http://struts.apache.org/dtds/struts-2.1.dtd">
<struts>
	<constant name="struts.i18n.encoding" value="UTF-8" />
	<constant name="struts.objectFactory" value="spring" />
	<package name="userAction" namespace="/" extends="struts-default">

		<!-- 对用户表进行操作的action -->
		<action name="userAction_*" class="UserAction" method="{1}">
			<result name="show">/user/account.jsp</result>
			<result name="update">/user/updateAccount.jsp</result>
			<result name="success">/user/account.jsp</result>
		</action>

		<!-- 对地址表进行操作的action -->
		<action name="addressAction_*" class="AddressAction" method="{1}">
			<result name="show">/user/address.jsp</result>
			<result name="delete">/user/address.jsp</result>
			<result name="update">/user/updateAddress.jsp</result>
			<result name="success">/user/address.jsp</result>
			<result name="add">/user/addAddress.jsp</result>
			<result name="isAddedSuccess">/user/address.jsp</result>
		</action>

		<!-- 对收藏表进行操作的action -->
		<action name="favoriteAction_*" class="FavoriteAction" method="{1}">
			<result name="show">/user/favorite.jsp</result>
			<result name="delete">/user/favorite.jsp</result>
		</action>

		<!-- 对储值卡表进行操作的action -->
		<action name="cardAction_*" class="CardAction" method="{1}">
			<result name="show">/user/card.jsp</result>
		</action>

		<!-- 对投诉表进行操作的action -->
		<action name="complaintAction_*" class="ComplaintAction"
			method="{1}">
			<result name="add">/user/addComplaint.jsp</result>
			<result name="isAddedSuccess">/user/complaint.jsp</result>
		</action>

	</package>
</struts>    
